"id","name","emails"
1,"ECC-TSA SSC-SPC_ECC-CCE_TSA-STA","SSC-SPC_ECC-CCE_TSA-STA@ssc-spc.gc.ca; "
2,"INOT Distribution List Maintenance","SSCINOTRTN.SPCAIATR@ssc-spc.gc.ca; "
3,"IM Generic Mailbox","SSCIncidentManagement.SPCGestiondesincidents@ssc-spc.gc.ca; "
4,"Kelly Molyneaux Simms","Kelly.MolyneauxSimms@ssc-spc.gc.ca; "
5,"SSC-SPC_ECC-CCE","SSC-SPC_ECC-CCE@ssc-spc.gc.ca; "
6,"IT/TI-Incident Notification/Avis dIncident","ITTIIncNotice@ssc-spc.gc.ca; "
7,"Generic INOT Distribution List","Jim.Lackey@ssc-spc.gc.ca; SSC-SPC-Dist_EDC-CDE_ECC-CCE@cra-arc.gc.ca; Dany.bernier@ssc-spc.gc.ca; Jose.tomas@ssc-spc.gc.ca; enterpriseservicedesk.bureaudeservicedentreprise@ssc-spc.gc.ca; Ann.Mayfield@ssc-spc.gc.ca; SSCServiceDeskProjectTeam.SPCEquipedeprojetduBS@ssc-spc.gc.ca; marjorie.churchill@ssc-spc.gc.ca; guy.barrette@ssc-spc.gc.ca; Jacques.Charbonneau@ssc-spc.gc.ca; tom.leblond@ssc-spc.gc.ca; David.perrin@ssc-spc.gc.ca; sscedcf.spcgicde@ssc-spc.gc.ca; SSCEDCDutyManager.SPCCDEgestionaireservice@ssc-spc.gc.ca; ITTIEDCMICG@ssc-spc.gc.ca; Tariq.hasan@ssc-spc.gc.ca; Catherine.kerr@ssc.gc.ca; Milad.Azzi@ssc.gc.ca; SSCGOPIncidentMgmt.SPCPOGGestionIncidents@ssc.gc.ca; SSCGOPIncidents.SPCIncidentsPOG@ssc-spc.gc.ca; brendan.dunne@ssc-spc.gc.ca; SSCDCNEnterpriseNetwork-SPCDCNReseauEntreprise@ssc-spc.gc.ca; SSCIncidentManagement.SPCGestiondesincidents@ssc-spc.gc.ca; Derek.Roussy@ssc-spc.gc.ca; francois.charette@ssc-spc.gc.ca;SSCDCNServiceManagement.SPCRCDGestiondesServices@ssc-spc.gc.ca; 
Roch.Denis@ssc-spc.gc.ca; SSC.EDCTCOE-CDETCOE.SPC@ssc-spc.gc.ca; martin.viau@ssc-spc.gc.ca; SoutienExecutifSSPTI.ITDSSExecutiveSupport@ssc-spc.gc.ca; IT-TI-DIST_SSC_IOD_MGRS IT-TI-DIST_SSC_IOD_MGRS@cra-arc.gc.ca; 
Patrice.Rondeau@ssc-spc.gc.ca; SSCINOTRTN.SPCAIATR@ssc-spc.gc.ca; ann.mayfield@tpsgc-pwgsc.gc.ca; Joyce.Fortin@ssc-spc.gc.ca; Victoria.Recoskie@ssc-spc.gc.ca; john.carey@canada.ca; sandy.caldwell@canada.ca; SSC.etitransition-transitionitsc.SPC@canada.ca; SSC.youremailservicemgmt-votrecourrielgestdeservi.SPC@canada.ca; don.lalonde@canada.ca; jamie.maycock@ssc-spc.gc.ca; johnson.kuruvila@canada.ca; sandra.hampton@canada.ca; Robert.Booth@ssc-spc.gc.ca; tom.brandt@canada.ca; kevin.macewen@canada.ca; john.cafferty@ssc-spc.gc.ca; "
8,"MOBILE TRAVELLERS SERVICE (MTDI) List","Help.Aide@bcp-pco.gc.ca; CENTRAL.HELPDESK@rcmp-grc.gc.ca; Site.nsd-isn@hrsdc-rhdcc.gc.ca; EXTOTTAISH@international.gc.ca; NationalServiceDesk.BureaudeServiceNational@ssc-spc.gc.ca; ItHelpDeskNational@cic.gc.ca; support@vac-acc.gc.ca; ICSP-IMT@forces.gc.ca; help.centre@justice.gc.ca; cspssd@csps-efpc.gc.ca;blackberry-admin@vac-acc.gc.ca; "
9,"INTERIM BB10 SERVICE (iBES) List","SSC.BB10Part-BB10Part.SPC@ssc-spc.gc.ca; "
10,"MYGCHR List","TPSGC.BureaudeServiceMesRHGC-MyGCHRServiceDesk.PWGSC@tpsgc-pwgsc.gc.ca; "
11,"For CRA incidents","SSC.CRADTIMINOT-INOTDTIMARC.SPC@ssc-spc.gc.ca; SSC.CRASolutionsINOT-INOTSolutionsARC.SPC@ssc-spc.gc.ca; SSC.SSCINOT-INOTSPC.SPC@ssc-spc.gc.ca; "
12,"For CBSA incidents","SSC.CBSAINOT-INOTASFC.SPC@ssc-spc.gc.ca; SSC.SSCINOT-INOTSPC.SPC@ssc-spc.gc.ca; "
13,"For CRA and CBSA incidents","SSC.CRADTIMINOT-INOTDTIMARC.SPC@ssc-spc.gc.ca; SSC.CRASolutionsINOT-INOTSolutionsARC.SPC@ssc-spc.gc.ca; SSC.SSCINOT-INOTSPC.SPC@ssc-spc.gc.ca; SSC.CBSAINOT-INOTASFC.SPC@ssc-spc.gc.ca; "
14,"Department of Finance Incidents (FIN)","SSC.SSCFinanceINOT-INOTFinanceSPC.SPC@ssc-spc.gc.ca; SSC.SSCINOT-INOTSPC.SPC@ssc-spc.gc.ca; "
15,"Atlantic Canada Opportunities Agency","ithelpme@acoa-apeca.gc.ca; "
16,"Aboriginal Affairs and Northern Development Canada","sti-its@aadnc-aandc.gc.ca; "
17,"Agriculture and Agri-Food Canada","Service@itcentreti.collaboration.GC.CA; "
18,"Canada Border Services Agency","CBSA/ASFC.IT-Requests@cbsa-asfc.gc.ca; "
19,"Canada Economic Development for Québec Regions","Techno.infoaide@dec-ced.gc.ca; "
20,"Canada Revenue Agency","IT-TI_ESD-BSE@cra-arc.gc.ca; "
21,"Canada School of Public Service","cspssd@csps-efpc.gc.ca; "
22,"Canadian Heritage","ciob.service.desk@pch.gc.ca; "
23,"Canadian Food Inspection Agency","Service@itcentreti.collaboration.GC.CA; "
24,"Canadian Northern Economic  Development Agency","sti-its@aadnc-aandc.gc.ca; "
25,"Canadian Nuclear  Safety Commission","tsc-cst@cnsc-ccsn.gc.ca; "
26,"Canadian Space Agency","csti@asc-csa.gc.ca; "
27,"Citizenship and Immigration Canada","it-service-desk@cic.gc.ca; "
28,"Correctional Service of Canada","NAT-ITService@csc-scc.gc.ca; "
29,"Department of Finance","ITServiceDesk@Fin.gc.ca; "
30,"Department of Justice","helpcent@justice.gc.ca; "
31,"Employment and Social Development Canada ( Human Resources and Skills Development Canada)","site.nsd-isn@hrsdc-rhdcc.gc.ca; "
32,"Environment Canada","servicedesk@ec.gc.ca; "
33,"Federal Economic Development Agency for Southern Ontario","ITServiceDesk@ic.gc.ca; "
34,"Financial Transactions and Reports Analysis Centre of Canada","helpdesk@fintrac-canafe.gc.ca; "
35,"Fisheries and Oceans Canada","itsd-csti@dfo-mpo.gc.ca; "
36,"Foreign Affairs, Trade and Development Canada","DFATD-ServiceDesk@international.gc.ca;  "
37,"Health Canada","national.service.desk-bureau.de.services.national@hc-sc.gc.ca; "
38,"Immigration and Refugee Board of Canada","itsd-bsti@irb-cisr.gc.ca; "
39,"Industry Canada","ITServiceDesk@ic.gc.ca; "
40,"Infrastructure Canada","servicedesk@infc.gc.ca; "
41,"Library and Archives Canada","bureaudeservice@bac-lac.gc.ca; "
42,"National Defence","CFNOC@forces.gc.ca; "
43,"National Research Council Canada","ITServiceCentre@nrc-cnrc.gc.ca; "
44,"Natural Resources Canada","itservicedesk@nrcan.gc.ca; "
45,"Parks Canada - Alberta","alberta.support@pc.gc.ca; "
46,"Parks Canada - Atlantic","atlantic.support@pc.gc.ca; "
47,"Parks Canada - BC - Yukon","bc-yukon.support@pc.gc.ca; "
48,"Parks Canada - BNO","bno.support@pc.gc.ca; "
49,"Parks Canada - Mountain","mountain.support@pc.gc.ca; "
50,"Parks Canada - Ontario","ontario.support@pc.gc.ca; "
51,"Parks Canada - Prairies North","prairies-north.support@pc.gc.ca; "
52,"Parks Canada - Québec","quebec.support@pc.gc.ca; "
53,"Passport Canada","itservicedesk@pptc.gc.ca; "
54,"Privy Council Office","help.aide@pco-bcp.gc.ca; "
55,"Public Health Agency of Canada","National.Service.desk.-.bureau.de.services.national@hc-sc.gc.ca; "
56,"Public Safety Canada","ps.ithelpdesk@ps-sp.gc.ca; "
57,"Public Service Commission of Canada","HelpDesk-Service_de_depannage@PSC-CFP.gc.ca; "
58,"Public Works and Government Services Canada - Atlantic","SSCAtlanticServiceDesk.SPCAtlantiqueBureaudeservice@ssc-spc.gc.ca; "
59,"Public Works and Government Services Canada - National 
Capital RegionPublic Works and Government Services Canada - National 
Capital Region","RCNCentredeservices.NCRServiceDesk@tpsgc-pwgsc.gc.ca; "
60,"Public Works and Government Services Canada - Ontario","SSCONTARIOSD.SPCBSONTARIO@ssc-spc.gc.ca; "
61,"Public Works and Government Services Canada - Pacific","SSCPACServiceDesk.BureaudeserviceSPCPAC@ssc-spc.gc.ca; "
62,"Public Works and Government Services Canada - Québec","QUEBureaudeservicesTI.QUEITServiceDesk@ssc-spc.gc.ca; "
63,"Public Works and Government Services Canada - Western","WST-Service.Desk@ssc-spc.gc.ca; "
64,"Royal Canadian  Mounted Police","RCMP.CHD-Incidents-BAC.GRC@rcmp-grc.gc.ca; "
65,"Statistics Canada","helpdesk@statcan.gc.ca; "
66,"Transport Canada","TC.ssc-spc-alerts.TC@tc.gc.ca; "
67,"Treasury Board of Canada Secretariat","ITServiceTI@tbs-sct.gc.ca; "
68,"Veteran Affairs Canada","support@vac-acc.gc.ca; "
69,"Western Economic Diversification Canada","IMThelpdesk@wd-deo.gc.ca; "
